"","group","subgroup","auc(95%CI)","threshold","specificity","sensitivity","youden","variable"
"1","group","1 vs 0","0.495(0.267-0.722)","0.423","0.361","0.75","0.111","CCCCCCC"
"2","group","1 vs 0","0.575(0.345-0.805)","0.19","0.863","0.375","0.238","TCCCCCC"
"3","group","1 vs 0","0.615(0.376-0.855)","0.036","0.708","0.625","0.333","TTTTTTT"
"4","group","1 vs 0","0.479(0.262-0.696)","0.024","0.433","0.75","0.183","TTCCCCC"
"5","group","1 vs 0","0.605(0.406-0.803)","0.021","0.365","0.875","0.24","CCCTCCC"
"6","group","1 vs 0","0.496(0.278-0.714)","0.032","0.112","1","0.112","TTTTTCC"
"7","group","1 vs 0","0.548(0.337-0.759)","0.018","0.464","0.75","0.214","CTCCCCC"
"8","group","1 vs 0","0.617(0.479-0.755)","0.015","0.365","1","0.365","CCTCCCC"
"9","group","1 vs 0","0.589(0.355-0.822)","0.012","0.691","0.625","0.316","TTTTCCC"
"10","group","1 vs 0","0.524(0.265-0.783)","0.019","0.73","0.5","0.23","TCCTCCC"
"11","group","1 vs 0","0.616(0.366-0.866)","0.011","0.665","0.625","0.29","TCTCCCC"
"12","group","1 vs 0","0.532(0.327-0.737)","0.009","0.627","0.625","0.252","TTTTTTC"
"13","group","1 vs 0","0.557(0.352-0.763)","0.013","0.558","0.625","0.183","CCCCCCT"
"14","group","1 vs 0","0.592(0.374-0.81)","0.006","0.824","0.375","0.199","CCCCCTC"
"15","group","1 vs 0","0.577(0.353-0.801)","0.001","0.73","0.5","0.23","TTTCTCC"
